<?xml version="1.0" encoding="UTF-8"?>
<con:soapui-project id="033facf7-4867-4101-a0b0-0f9ee422ebf8" activeEnvironment="Default" name="TeamEnterprise" resourceRoot="${projectDir}" soapui-version="5.6.0" abortOnError="false" runType="SEQUENTIAL" xmlns:con="http://eviware.com/soapui/config"><con:settings/><con:interface xsi:type="con:RestService" id="8a95e6c4-7e7f-4c1e-af7f-2c660280aa75" wadlVersion="http://wadl.dev.java.net/2009/02" name="http://localhost:8080" type="rest" xmlns:xsi="http://www.w3.org/2001/XMLSchema-instance"><con:settings/><con:definitionCache/><con:endpoints><con:endpoint>http://localhost:8080</con:endpoint></con:endpoints><con:resource name="Post - Create New User/Reader" path="/TeamEnterprise_war/library/readers/add" id="a8460c00-9c25-411d-bf56-d80ea907a9c1"><con:settings/><con:parameters/><con:method name="Add New Reader" id="affe992c-eed7-4cf5-a25e-8ad335346a0c" method="POST"><con:settings/><con:parameters><con:parameter><con:name>firstname</con:name><con:value>Nurse</con:value><con:style>QUERY</con:style><con:default>Nurse</con:default><con:path xsi:nil="true"/><con:description xsi:nil="true"/></con:parameter><con:parameter><con:name>lastname</con:name><con:value>Ratchet</con:value><con:style>QUERY</con:style><con:default>Ratchet</con:default><con:path xsi:nil="true"/><con:description xsi:nil="true"/></con:parameter><con:parameter><con:name>phone</con:name><con:value>2345678</con:value><con:style>QUERY</con:style><con:default>2345678</con:default><con:path xsi:nil="true"/><con:description xsi:nil="true"/></con:parameter><con:parameter><con:name>email</con:name><con:value>stuff</con:value><con:style>QUERY</con:style><con:default>stuff</con:default><con:path xsi:nil="true"/><con:description xsi:nil="true"/></con:parameter></con:parameters><con:representation type="REQUEST"><con:mediaType>application/json</con:mediaType><con:params/></con:representation><con:representation type="RESPONSE"><con:mediaType>application/json</con:mediaType><con:status>200</con:status><con:params/></con:representation><con:request name="Add New User" id="9ebdd8bb-d365-451b-9984-6ee243fb913a" mediaType="application/json" postQueryString="false"><con:settings><con:setting id="com.eviware.soapui.impl.wsdl.WsdlRequest@request-headers">&lt;xml-fragment/></con:setting></con:settings><con:endpoint>http://localhost:8080</con:endpoint><con:request/><con:originalUri>http://localhost/TeamEnterprise_war/library/readers/add</con:originalUri><con:credentials><con:authType>No Authorization</con:authType></con:credentials><con:jmsConfig JMSDeliveryMode="PERSISTENT"/><con:jmsPropertyConfig/><con:parameters>
  <con:entry key="firstname" value="Nurse"/>
  <con:entry key="phone" value="2345678"/>
  <con:entry key="email" value="stuff"/>
  <con:entry key="lastname" value="Ratchet"/>
</con:parameters><con:parameterOrder><con:entry>firstname</con:entry><con:entry>lastname</con:entry><con:entry>phone</con:entry><con:entry>email</con:entry></con:parameterOrder></con:request></con:method></con:resource><con:resource name="Put - Update a User" path="/TeamEnterprise_war/library/readers/update/5" id="d62836c4-934b-4c9b-a62b-9b91c4af79aa"><con:settings/><con:parameters><con:parameter><con:name>firstname</con:name><con:value>NewName</con:value><con:style>QUERY</con:style><con:default>NewName</con:default></con:parameter><con:parameter><con:name>lastname</con:name><con:value/><con:style>QUERY</con:style><con:default/><con:description xsi:nil="true"/></con:parameter></con:parameters><con:method name="Update a User" id="3cf294b5-5639-4c35-8542-fb1ade4229e0" method="PUT"><con:settings/><con:parameters/><con:representation type="REQUEST"><con:mediaType>application/json</con:mediaType><con:params/></con:representation><con:representation type="FAULT"><con:mediaType>text/html;charset=utf-8</con:mediaType><con:status>500 404</con:status><con:params/><con:element>html</con:element></con:representation><con:representation type="RESPONSE"><con:mediaType>application/json</con:mediaType><con:status>200</con:status><con:params/></con:representation><con:request name="Update a User" id="c3cb4628-9c22-4fad-b7f3-835d314e77f5" mediaType="application/json" postQueryString="false"><con:settings><con:setting id="com.eviware.soapui.impl.wsdl.WsdlRequest@request-headers">&lt;xml-fragment/></con:setting></con:settings><con:endpoint>http://localhost:8080</con:endpoint><con:request/><con:originalUri>http://localhost/TeamEnterprise_war/library/readers/update/1</con:originalUri><con:credentials><con:authType>No Authorization</con:authType></con:credentials><con:jmsConfig JMSDeliveryMode="PERSISTENT"/><con:jmsPropertyConfig/><con:parameters>
  <con:entry key="firstname" value="Franky"/>
  <con:entry key="lastname" value="Valentine"/>
</con:parameters><con:parameterOrder><con:entry>firstname</con:entry><con:entry>lastname</con:entry></con:parameterOrder></con:request></con:method></con:resource><con:resource name="Delete A User" path="/TeamEnterprise_war/library/readers/delete/5" id="622fe98a-6489-4d2a-8adc-d43800c6bc06"><con:settings/><con:parameters/><con:method name="Delete a User" id="a89c3b61-166a-4eba-bbd3-87b413d18779" method="DELETE"><con:settings/><con:parameters/><con:representation type="REQUEST"><con:mediaType>application/json</con:mediaType><con:params/></con:representation><con:representation type="RESPONSE"><con:mediaType>application/json</con:mediaType><con:status>200</con:status><con:params/></con:representation><con:request name="Delete a User" id="490228bc-759d-4bce-ab75-da31016798ed" mediaType="application/json" postQueryString="false"><con:settings><con:setting id="com.eviware.soapui.impl.wsdl.WsdlRequest@request-headers">&lt;xml-fragment/></con:setting></con:settings><con:endpoint>http://localhost:8080</con:endpoint><con:request/><con:originalUri>http://localhost/TeamEnterprise_war/library/readers/delete/6</con:originalUri><con:credentials><con:authType>No Authorization</con:authType></con:credentials><con:jmsConfig JMSDeliveryMode="PERSISTENT"/><con:jmsPropertyConfig/><con:parameters/></con:request></con:method></con:resource><con:resource name="Post - Add Book Manually" path="/TeamEnterprise_war/library/books/addManually" id="710e30fc-19fb-421f-a06a-b569b480594e"><con:settings/><con:parameters><con:parameter><con:name>title</con:name><con:value/><con:style>QUERY</con:style><con:default/><con:description xsi:nil="true"/></con:parameter><con:parameter><con:name>author</con:name><con:value/><con:style>QUERY</con:style><con:default/><con:description xsi:nil="true"/></con:parameter><con:parameter><con:name>publisher</con:name><con:value/><con:style>QUERY</con:style><con:default/><con:description xsi:nil="true"/></con:parameter><con:parameter><con:name>description</con:name><con:value/><con:style>QUERY</con:style><con:default/><con:description xsi:nil="true"/></con:parameter><con:parameter><con:name>pagecount</con:name><con:value/><con:style>QUERY</con:style><con:default/><con:description xsi:nil="true"/></con:parameter><con:parameter><con:name>isbnten</con:name><con:value/><con:style>QUERY</con:style><con:default/><con:description xsi:nil="true"/></con:parameter></con:parameters><con:method name="Add Book Manually" id="49f7298b-ab60-43b8-a8d5-3db147804dd6" method="POST"><con:settings/><con:parameters/><con:representation type="REQUEST"><con:mediaType>application/json</con:mediaType><con:params/></con:representation><con:representation type="RESPONSE"><con:mediaType>application/json</con:mediaType><con:status>200</con:status><con:params/></con:representation><con:request name="Add Book Manually" id="129ee256-6b74-4b56-98ab-9e724f6d2bc4" mediaType="application/json" postQueryString="false"><con:settings><con:setting id="com.eviware.soapui.impl.wsdl.WsdlRequest@request-headers">&lt;xml-fragment/></con:setting></con:settings><con:endpoint>http://localhost:8080</con:endpoint><con:request/><con:originalUri>http://localhost/TeamEnterprise_war/library/books/addManually</con:originalUri><con:credentials><con:authType>No Authorization</con:authType></con:credentials><con:jmsConfig JMSDeliveryMode="PERSISTENT"/><con:jmsPropertyConfig/><con:parameters>
  <con:entry key="isbnten" value="123457890"/>
  <con:entry key="pagecount" value="23"/>
  <con:entry key="author" value="Onoda Sakamichi"/>
  <con:entry key="publisher" value="Yen Press"/>
  <con:entry key="description" value="More Words"/>
  <con:entry key="title" value="New Manual Book TWo"/>
</con:parameters><con:parameterOrder><con:entry>isbnten</con:entry><con:entry>title</con:entry><con:entry>author</con:entry><con:entry>publisher</con:entry><con:entry>description</con:entry><con:entry>pagecount</con:entry></con:parameterOrder></con:request></con:method></con:resource><con:resource name="Get Single Book By ID" path="/TeamEnterprise_war/library/books/4" id="e5c63bf7-5d9c-475f-8398-083e507b70e5"><con:settings/><con:parameters/><con:method name="Get Book By ID" id="ce1fa573-1029-4a64-9bec-f95159a5b13d" method="GET"><con:settings/><con:parameters/><con:representation type="RESPONSE"><con:mediaType>application/json</con:mediaType><con:status>200</con:status><con:params/><con:element xmlns:ns="http://localhost/TeamEnterprise_war/library/books/1">ns:Response</con:element></con:representation><con:representation type="RESPONSE"><con:mediaType xsi:nil="true"/><con:status>200</con:status><con:params/><con:element>data</con:element></con:representation><con:representation type="RESPONSE"><con:mediaType xsi:nil="true"/><con:status>200</con:status><con:params/><con:element>data</con:element></con:representation><con:representation type="RESPONSE"><con:mediaType xsi:nil="true"/><con:status>200</con:status><con:params/><con:element>data</con:element></con:representation><con:representation type="RESPONSE"><con:mediaType xsi:nil="true"/><con:status>200</con:status><con:params/><con:element>data</con:element></con:representation><con:request name="Get Book By Id" id="90924d8a-30e1-4156-ad7a-f8f5da7009ea" mediaType="application/json"><con:settings><con:setting id="com.eviware.soapui.impl.wsdl.WsdlRequest@request-headers">&lt;xml-fragment/></con:setting></con:settings><con:endpoint>http://localhost:8080</con:endpoint><con:request/><con:originalUri>http://localhost/TeamEnterprise_war/library/books/1</con:originalUri><con:credentials><con:authType>No Authorization</con:authType></con:credentials><con:jmsConfig JMSDeliveryMode="PERSISTENT"/><con:jmsPropertyConfig/><con:parameters/></con:request></con:method></con:resource><con:resource name="Get a Specific Book's s Reader" path="/TeamEnterprise_war/library/books/4/reader" id="68021ecf-c81b-4192-905d-b12301ca05d9"><con:settings/><con:parameters/><con:method name="UNUSED - Get a Specific Book's s Reader" id="15d498b2-638e-48c1-8d4b-4e7625b881b2" method="GET"><con:settings/><con:parameters/><con:representation type="RESPONSE"><con:mediaType>application/json</con:mediaType><con:status>200</con:status><con:params/><con:element xmlns:read="http://localhost/TeamEnterprise_war/library/books/1/reader">read:Response</con:element></con:representation><con:representation type="FAULT"><con:mediaType>text/html;charset=utf-8</con:mediaType><con:status>500</con:status><con:params/><con:element>html</con:element></con:representation><con:request name="Get a Specific Book's s Reader" id="97e9fc6e-8d6e-41e7-a0e3-4c06adf0a0eb" mediaType="application/json"><con:settings><con:setting id="com.eviware.soapui.impl.wsdl.WsdlRequest@request-headers">&lt;xml-fragment/></con:setting></con:settings><con:endpoint>http://localhost:8080</con:endpoint><con:request/><con:originalUri>http://localhost/TeamEnterprise_war/library/books/1/reader</con:originalUri><con:credentials><con:authType>No Authorization</con:authType></con:credentials><con:jmsConfig JMSDeliveryMode="PERSISTENT"/><con:jmsPropertyConfig/><con:parameters/></con:request></con:method></con:resource><con:resource name="Put - Update a Book" path="/TeamEnterprise_war/library/books/update/4" id="91c13304-d7bc-4458-b960-fa6e08b532da"><con:settings/><con:parameters><con:parameter><con:name>description</con:name><con:value>1234567890</con:value><con:style>QUERY</con:style><con:default>1234567890</con:default></con:parameter></con:parameters><con:method name="Update a Book" id="33950f3e-f2c7-4a51-93a3-6b4606bb8429" method="PUT"><con:settings/><con:parameters/><con:representation type="RESPONSE"><con:mediaType>application/json</con:mediaType><con:status>200</con:status><con:params/></con:representation><con:representation type="REQUEST"><con:mediaType>application/json</con:mediaType><con:params/></con:representation><con:request name="Update a Book" id="8ae3e12f-9a54-40c6-9e29-7184f67fa696" mediaType="application/json" postQueryString="false"><con:settings><con:setting id="com.eviware.soapui.impl.wsdl.WsdlRequest@request-headers">&lt;xml-fragment/></con:setting></con:settings><con:endpoint>http://localhost:8080</con:endpoint><con:request/><con:originalUri>http://localhost/TeamEnterprise_war/library/books/update/2</con:originalUri><con:credentials><con:authType>No Authorization</con:authType></con:credentials><con:jmsConfig JMSDeliveryMode="PERSISTENT"/><con:jmsPropertyConfig/><con:parameters><entry key="description" value="Changed Back Again" xmlns="http://eviware.com/soapui/config"/></con:parameters><con:parameterOrder><con:entry>description</con:entry></con:parameterOrder></con:request></con:method></con:resource><con:resource name="Get All Readers/Users" path="/TeamEnterprise_war/library/readers" id="0c067834-68a1-4420-aa00-7294eab36cb5"><con:settings/><con:parameters/><con:method name="Get a list of all readers" id="264ff8b4-d92e-4ef1-b88e-b704b52d20d6" method="GET"><con:settings/><con:parameters/><con:representation type="RESPONSE"><con:mediaType>application/json</con:mediaType><con:status>200</con:status><con:params/><con:element>Response</con:element></con:representation><con:representation type="RESPONSE"><con:mediaType xsi:nil="true"/><con:status>200</con:status><con:params/><con:element>data</con:element></con:representation><con:representation type="RESPONSE"><con:mediaType xsi:nil="true"/><con:status>200</con:status><con:params/><con:element>data</con:element></con:representation><con:representation type="RESPONSE"><con:mediaType xsi:nil="true"/><con:status>200</con:status><con:params/><con:element>data</con:element></con:representation><con:representation type="FAULT"><con:mediaType>text/html;charset=utf-8</con:mediaType><con:status>500</con:status><con:params/><con:element>html</con:element></con:representation><con:representation type="RESPONSE"><con:mediaType xsi:nil="true"/><con:status>200</con:status><con:params/><con:element>data</con:element></con:representation><con:representation type="RESPONSE"><con:mediaType xsi:nil="true"/><con:status>200</con:status><con:params/><con:element>data</con:element></con:representation><con:representation type="RESPONSE"><con:mediaType xsi:nil="true"/><con:status>200</con:status><con:params/><con:element>data</con:element></con:representation><con:request name="Get a list of all readers" id="4e4c89a6-16c1-4a7e-92b1-6937e9e70f49" mediaType="application/json"><con:settings><con:setting id="com.eviware.soapui.impl.wsdl.WsdlRequest@request-headers">&lt;xml-fragment/></con:setting></con:settings><con:endpoint>http://localhost:8080</con:endpoint><con:request/><con:originalUri>http://localhost/TeamEnterprise_war/library/readers</con:originalUri><con:credentials><con:authType>No Authorization</con:authType></con:credentials><con:jmsConfig JMSDeliveryMode="PERSISTENT"/><con:jmsPropertyConfig/><con:parameters/></con:request></con:method></con:resource><con:resource name="Get a Specific Reader/User" path="/TeamEnterprise_war/library/readers/1" id="102babb4-3821-4082-a9e0-7f6b9cb392ae"><con:settings/><con:parameters/><con:method name="Get a Specific User" id="76b86c8f-702e-46ad-b0a2-853801448237" method="GET"><con:settings/><con:parameters/><con:representation type="RESPONSE"><con:mediaType>application/json</con:mediaType><con:status>200</con:status><con:params/><con:element xmlns:ns="http://localhost/TeamEnterprise_war/library/readers/1">ns:Response</con:element></con:representation><con:representation type="FAULT"><con:mediaType>text/html;charset=utf-8</con:mediaType><con:status>500</con:status><con:params/><con:element>html</con:element></con:representation><con:representation type="RESPONSE"><con:mediaType xsi:nil="true"/><con:status>200</con:status><con:params/><con:element>data</con:element></con:representation><con:representation type="RESPONSE"><con:mediaType xsi:nil="true"/><con:status>200</con:status><con:params/><con:element>data</con:element></con:representation><con:request name="Get a Specific User" id="b8386c15-df3b-4419-b8f7-31b0d74ac93e" mediaType="application/json"><con:settings><con:setting id="com.eviware.soapui.impl.wsdl.WsdlRequest@request-headers">&lt;xml-fragment/></con:setting></con:settings><con:endpoint>http://localhost:8080</con:endpoint><con:request/><con:originalUri>http://localhost/TeamEnterprise_war/library/readers/1</con:originalUri><con:credentials><con:authType>No Authorization</con:authType></con:credentials><con:jmsConfig JMSDeliveryMode="PERSISTENT"/><con:jmsPropertyConfig/><con:parameters/></con:request></con:method></con:resource><con:resource name="Get a specific reader's books" path="/TeamEnterprise_war/library/readers/2/books" id="0a7798d5-1bf7-4901-979e-d5347dfd6588"><con:settings/><con:parameters/><con:method name="Get a specific reader's books" id="beff2cac-2fe1-4d51-8456-d0a4a59fd7da" method="GET"><con:settings/><con:parameters/><con:representation type="RESPONSE"><con:mediaType>application/json</con:mediaType><con:status>200</con:status><con:params/><con:element>Response</con:element></con:representation><con:representation type="RESPONSE"><con:mediaType xsi:nil="true"/><con:status>200</con:status><con:params/><con:element>data</con:element></con:representation><con:representation type="RESPONSE"><con:mediaType xsi:nil="true"/><con:status>200</con:status><con:params/><con:element>data</con:element></con:representation><con:request name="Get a specific reader's books" id="f08f2558-3f66-4e92-8a52-6304c544a2c1" mediaType="application/json"><con:settings><con:setting id="com.eviware.soapui.impl.wsdl.WsdlRequest@request-headers">&lt;xml-fragment/></con:setting></con:settings><con:endpoint>http://localhost:8080</con:endpoint><con:request/><con:originalUri>http://localhost/TeamEnterprise_war/library/readers/1/books</con:originalUri><con:credentials><con:authType>No Authorization</con:authType></con:credentials><con:jmsConfig JMSDeliveryMode="PERSISTENT"/><con:jmsPropertyConfig/><con:parameters/></con:request></con:method></con:resource><con:resource name="Post - Add book by ISBN" path="/TeamEnterprise_war/library/books/addbyisbn" id="d1824d54-a82d-461e-95f2-66d75c5898bc"><con:settings/><con:parameters><con:parameter><con:name>isbn</con:name><con:value>9780-061122415</con:value><con:style>QUERY</con:style><con:default>9780-061122415</con:default></con:parameter></con:parameters><con:method name="Post - Add book by ISBN" id="867e5d79-939c-4d0b-883f-6ce4e52ea827" method="POST"><con:settings/><con:parameters/><con:representation type="REQUEST"><con:mediaType>application/json</con:mediaType><con:params/></con:representation><con:representation type="RESPONSE"><con:mediaType>application/json</con:mediaType><con:status>200</con:status><con:params/></con:representation><con:request name="Post - Add book by ISBN" id="930af8e9-2e36-445b-a297-2e1012d294ae" mediaType="application/json" postQueryString="false"><con:settings><con:setting id="com.eviware.soapui.impl.wsdl.WsdlRequest@request-headers">&lt;xml-fragment/></con:setting></con:settings><con:endpoint>http://localhost:8080</con:endpoint><con:request/><con:originalUri>http://localhost/TeamEnterprise_war/library/books/addbyisbn</con:originalUri><con:credentials><con:authType>No Authorization</con:authType></con:credentials><con:jmsConfig JMSDeliveryMode="PERSISTENT"/><con:jmsPropertyConfig/><con:parameters><entry key="isbn" value="978-1-260-44021-8" xmlns="http://eviware.com/soapui/config"/></con:parameters></con:request></con:method></con:resource><con:resource name="Get all books" path="/TeamEnterprise_war/library/books" id="42ebd242-d050-473c-929a-9719bedd804f"><con:settings/><con:parameters/><con:method name="Get all books" id="5d5c07d3-def4-493f-ab85-c0dbc1221ecc" method="GET"><con:settings/><con:parameters/><con:representation type="FAULT"><con:mediaType>text/html;charset=utf-8</con:mediaType><con:status>500</con:status><con:params/><con:element>html</con:element></con:representation><con:representation type="RESPONSE"><con:mediaType>application/json</con:mediaType><con:status>200</con:status><con:params/><con:element>Response</con:element></con:representation><con:representation type="RESPONSE"><con:mediaType xsi:nil="true"/><con:status>200</con:status><con:params/><con:element>data</con:element></con:representation><con:representation type="RESPONSE"><con:mediaType xsi:nil="true"/><con:status>200</con:status><con:params/><con:element>data</con:element></con:representation><con:representation type="RESPONSE"><con:mediaType xsi:nil="true"/><con:status>200</con:status><con:params/><con:element>data</con:element></con:representation><con:representation type="RESPONSE"><con:mediaType xsi:nil="true"/><con:status>200</con:status><con:params/><con:element>data</con:element></con:representation><con:representation type="RESPONSE"><con:mediaType xsi:nil="true"/><con:status>200</con:status><con:params/><con:element>data</con:element></con:representation><con:representation type="RESPONSE"><con:mediaType xsi:nil="true"/><con:status>200</con:status><con:params/><con:element>data</con:element></con:representation><con:representation type="RESPONSE"><con:mediaType xsi:nil="true"/><con:status>200</con:status><con:params/><con:element>data</con:element></con:representation><con:representation type="RESPONSE"><con:mediaType xsi:nil="true"/><con:status>200</con:status><con:params/><con:element>data</con:element></con:representation><con:representation type="RESPONSE"><con:mediaType xsi:nil="true"/><con:status>200</con:status><con:params/><con:element>data</con:element></con:representation><con:request name="Get all books" id="ecaa5ceb-529f-4a5b-9969-00d3681bd956" mediaType="application/json"><con:settings><con:setting id="com.eviware.soapui.impl.wsdl.WsdlRequest@request-headers">&lt;xml-fragment/></con:setting></con:settings><con:endpoint>http://localhost:8080</con:endpoint><con:request/><con:originalUri>http://localhost/TeamEnterprise_war/library/books</con:originalUri><con:credentials><con:authType>No Authorization</con:authType></con:credentials><con:jmsConfig JMSDeliveryMode="PERSISTENT"/><con:jmsPropertyConfig/><con:parameters/></con:request></con:method></con:resource><con:resource name="Delete a Book" path="/TeamEnterprise_war/library/books/delete/7" id="4399f947-e9ec-4de0-887b-c46ee6109210"><con:settings/><con:parameters/><con:method name="Delete a Book" id="5905633b-1ee3-4a55-9ce8-3c701aeedaad" method="DELETE"><con:settings/><con:parameters/><con:representation type="REQUEST"><con:mediaType>application/json</con:mediaType><con:params/></con:representation><con:representation type="RESPONSE"><con:mediaType>application/json</con:mediaType><con:status>200</con:status><con:params/><con:element xmlns:ns="http://localhost/TeamEnterprise_war/library/books/delete/11">ns:Response</con:element></con:representation><con:representation type="RESPONSE"><con:mediaType xsi:nil="true"/><con:status>200</con:status><con:params/><con:element>data</con:element></con:representation><con:request name="Delete a Book" id="23d4786c-0d10-4145-ac58-22dcb36edd8c" mediaType="application/json" postQueryString="false"><con:settings><con:setting id="com.eviware.soapui.impl.wsdl.WsdlRequest@request-headers">&lt;xml-fragment/></con:setting></con:settings><con:endpoint>http://localhost:8080</con:endpoint><con:request/><con:originalUri>http://localhost/TeamEnterprise_war/library/books/delete/11</con:originalUri><con:credentials><con:authType>No Authorization</con:authType></con:credentials><con:jmsConfig JMSDeliveryMode="PERSISTENT"/><con:jmsPropertyConfig/><con:parameters/></con:request></con:method></con:resource><con:resource name="Checkout a Book" path="/TeamEnterprise_war/library/books/checkout/4/6" id="9f8467b2-8056-4bd0-9bb2-134629813857"><con:settings/><con:parameters/><con:method name="Checkout a book" id="577cae26-a760-4805-9123-b707be735d2f" method="POST"><con:settings/><con:parameters/><con:representation type="FAULT"><con:mediaType>text/html;charset=utf-8</con:mediaType><con:status>405 500</con:status><con:params/><con:element>html</con:element></con:representation><con:representation type="REQUEST"><con:mediaType>application/json</con:mediaType><con:params/></con:representation><con:representation type="RESPONSE"><con:mediaType>application/json</con:mediaType><con:status>200</con:status><con:params/></con:representation><con:request name="Checkout a book" id="5a218e86-1c73-4513-b6d6-2f77f67d2e55" mediaType="application/json" postQueryString="false"><con:settings><con:setting id="com.eviware.soapui.impl.wsdl.WsdlRequest@request-headers">&lt;xml-fragment/></con:setting></con:settings><con:endpoint>http://localhost:8080</con:endpoint><con:request/><con:originalUri>http://localhost/TeamEnterprise_war/library/books/checkout/1/4</con:originalUri><con:credentials><con:authType>No Authorization</con:authType></con:credentials><con:jmsConfig JMSDeliveryMode="PERSISTENT"/><con:jmsPropertyConfig/><con:parameters/></con:request></con:method></con:resource><con:resource name="Checkin a Book" path="/TeamEnterprise_war/library/books/checkin/8" id="9f8467b2-8056-4bd0-9bb2-134629813857"><con:settings/><con:parameters/><con:method name="Checkin a book" id="577cae26-a760-4805-9123-b707be735d2f" method="POST"><con:settings/><con:parameters/><con:representation type="FAULT"><con:mediaType>text/html;charset=utf-8</con:mediaType><con:status>405 500</con:status><con:params/><con:element>html</con:element></con:representation><con:representation type="REQUEST"><con:mediaType>application/json</con:mediaType><con:params/></con:representation><con:representation type="RESPONSE"><con:mediaType>application/json</con:mediaType><con:status>200</con:status><con:params/></con:representation><con:request name="Checkin a book" id="5a218e86-1c73-4513-b6d6-2f77f67d2e55" mediaType="application/json" postQueryString="false"><con:settings><con:setting id="com.eviware.soapui.impl.wsdl.WsdlRequest@request-headers">&lt;xml-fragment/></con:setting></con:settings><con:endpoint>http://localhost:8080</con:endpoint><con:request/><con:originalUri>http://localhost/TeamEnterprise_war/library/books/checkout/1/4</con:originalUri><con:credentials><con:authType>No Authorization</con:authType></con:credentials><con:jmsConfig JMSDeliveryMode="PERSISTENT"/><con:jmsPropertyConfig/><con:parameters/></con:request></con:method></con:resource></con:interface><con:properties/><con:wssContainer/><con:oAuth2ProfileContainer/><con:oAuth1ProfileContainer/><con:sensitiveInformation/></con:soapui-project>